{
	"format_version": "1.12.0",
	"minecraft:geometry": [
		{
			"description": {
				"identifier": "geometry.brewer",
				"texture_width": 32,
				"texture_height": 32,
				"visible_bounds_width": 3,
				"visible_bounds_height": 3,
				"visible_bounds_offset": [0, 0.5, 0]
			},
			"bones": [
				{
					"name": "bb_main",
					"pivot": [0, 3, 0],
					"rotation": [0, 90, 0],
					"cubes": [
						{
							"origin": [-8.75, 4.5, -5.75],
							"size": [15, 10, 10.25],
							"uv": {
								"north": {"uv": [0.64, 3.14666], "uv_size": [6.52, 11.78667]},
								"east": {"uv": [0.42667, 3.14666], "uv_size": [6.61333, 11.57334]},
								"south": {"uv": [1.44, 3.14666], "uv_size": [4.74667, 11.46667]},
								"west": {"uv": [0.64, 3.2], "uv_size": [6.18667, 11.52]},
								"up": {"uv": [6.45333, 13.73333], "uv_size": [-4.96, -9.73333]},
								"down": {"uv": [7.12, 13.44], "uv_size": [-5.41333, -9.86667]}
							}
						},
						{
							"origin": [6.25, 5.5, -2],
							"size": [0.25, 2.75, 3],
							"uv": {
								"north": {"uv": [25.6, 5.97333], "uv_size": [5.88, 7.89333]},
								"east": {"uv": [25.38667, 5.97333], "uv_size": [5.97333, 7.68]},
								"south": {"uv": [24.96, 5.97333], "uv_size": [5.54667, 7.68]},
								"west": {"uv": [25.6, 6.02667], "uv_size": [5.54667, 7.62666]},
								"up": {"uv": [26.53333, 9.17333], "uv_size": [1.84, 3.41333]},
								"down": {"uv": [31.44, 12.37333], "uv_size": [-4.77333, -5.97333]}
							}
						},
						{
							"origin": [6.5, 6.5, -1.5],
							"size": [2.5, 1.5, 1.75],
							"uv": {
								"north": {"uv": [10.88, 3.84], "uv_size": [4.6, 10.02667]},
								"east": {"uv": [10.66667, 3.84], "uv_size": [4.69333, 9.81334]},
								"south": {"uv": [10.24, 3.84], "uv_size": [4.26667, 9.81334]},
								"west": {"uv": [10.88, 3.89334], "uv_size": [4.26667, 9.76]},
								"up": {"uv": [11.6, 9.25333], "uv_size": [2.69333, -0.72]},
								"down": {"uv": [15.44, 12.37333], "uv_size": [-3.49333, -8.10667]}
							}
						},
						{
							"origin": [8, 5.5, -1.25],
							"size": [0.75, 1, 1.25],
							"uv": {
								"north": {"uv": [26.24, 17.70666], "uv_size": [4.81333, 13.44]},
								"east": {"uv": [26.02667, 17.70666], "uv_size": [4.90666, 13.22667]},
								"south": {"uv": [25.6, 17.70666], "uv_size": [4.48, 13.22667]},
								"west": {"uv": [26.24, 17.76], "uv_size": [4.48, 13.17333]},
								"up": {"uv": [27.17333, 23.54667], "uv_size": [2.90667, -2]},
								"down": {"uv": [31.01333, 29.65333], "uv_size": [-3.70666, -11.52]}
							}
						},
						{
							"origin": [-8.75, 5.5, -7],
							"size": [15, 7.5, 1.25],
							"uv": {
								"north": {"uv": [1.28, 5.54666], "uv_size": [3.10667, 8.74667]},
								"east": {"uv": [0.42667, 2.77333], "uv_size": [6.4, 11.94667]},
								"south": {"uv": [0, 2.77333], "uv_size": [5.97334, 11.94667]},
								"west": {"uv": [0.64, 2.82667], "uv_size": [5.97334, 11.89333]},
								"up": {"uv": [4.69333, 7.76], "uv_size": [-1.49333, -0.72]},
								"down": {"uv": [6.90667, 13.44], "uv_size": [-5.2, -10.24]}
							}
						},
						{
							"origin": [-8.75, 5.5, 4.5],
							"size": [15, 7.5, 1.25],
							"uv": {
								"north": {"uv": [1.70667, 3.62666], "uv_size": [4.81333, 10.66667]},
								"east": {"uv": [1.49334, 3.62666], "uv_size": [4.90666, 10.45334]},
								"south": {"uv": [1.06667, 3.62666], "uv_size": [4.48, 10.45334]},
								"west": {"uv": [1.70667, 3.68], "uv_size": [4.48, 10.4]},
								"up": {"uv": [2.56, 12.88], "uv_size": [4.05333, -5.84]},
								"down": {"uv": [6.48, 12.8], "uv_size": [-3.70666, -8.74667]}
							}
						},
						{
							"origin": [-8.25, 3, -4.5],
							"size": [14.25, 2, 8.25],
							"uv": {
								"north": {"uv": [2.34666, 4.05333], "uv_size": [4.17334, 10.45334]},
								"east": {"uv": [2.13333, 4.05333], "uv_size": [4.26667, 10.88]},
								"south": {"uv": [2.13333, 4.05333], "uv_size": [4.48, 10.66667]},
								"west": {"uv": [2.34666, 4.10667], "uv_size": [3.84, 10.82667]},
								"up": {"uv": [4.34666, 9.17334], "uv_size": [-0.72, 0.21333]},
								"down": {"uv": [6.42666, 14.08], "uv_size": [-5.14667, -9.38667]}
							}
						},
						{
							"origin": [4.5, 0.25, -4.25],
							"size": [1, 3, 1],
							"uv": {
								"north": {"uv": [12.16, 4.90666], "uv_size": [2.68, 7.89334]},
								"east": {"uv": [11.94667, 4.90666], "uv_size": [2.77333, 7.68]},
								"south": {"uv": [11.94667, 4.90666], "uv_size": [2.98666, 7.46667]},
								"west": {"uv": [12.16, 4.96], "uv_size": [2.34666, 7.62667]},
								"up": {"uv": [14.16, 6.82667], "uv_size": [-2.21334, 3.41333]},
								"down": {"uv": [14.74666, 11.73333], "uv_size": [-3.65333, -6.18667]}
							}
						},
						{
							"origin": [4.25, 0.25, -4.5],
							"size": [1.5, 1.5, 1.5],
							"uv": {
								"north": {"uv": [27.30666, 7.89333], "uv_size": [2.25334, 4.26667]},
								"east": {"uv": [27.09333, 7.89333], "uv_size": [2.34667, 4.05333]},
								"south": {"uv": [27.09333, 7.89333], "uv_size": [2.56, 3.84]},
								"west": {"uv": [27.30666, 7.94667], "uv_size": [1.92, 4]},
								"up": {"uv": [29.30666, 6.18667], "uv_size": [-2.64, 7.04]},
								"down": {"uv": [29.46666, 11.09333], "uv_size": [-3.22667, -2.56]}
							}
						},
						{
							"origin": [4.25, 0.25, 2.25],
							"size": [1.5, 1.5, 1.5],
							"uv": {
								"north": {"uv": [26.02666, 7.68], "uv_size": [4.6, 5.97334]},
								"east": {"uv": [25.81333, 7.68], "uv_size": [4.69333, 5.76]},
								"south": {"uv": [25.81333, 7.68], "uv_size": [4.90666, 5.54667]},
								"west": {"uv": [26.02666, 7.73334], "uv_size": [4.26666, 5.70667]},
								"up": {"uv": [28.02666, 7.68], "uv_size": [-0.29334, 5.33333]},
								"down": {"uv": [30.53333, 12.58666], "uv_size": [-5.57333, -4.26667]}
							}
						},
						{
							"origin": [-8, 0.25, 2.25],
							"size": [1.75, 1.5, 1.5],
							"uv": {
								"north": {"uv": [27.09333, 7.89333], "uv_size": [2.46667, 5.12]},
								"east": {"uv": [26.88, 7.89333], "uv_size": [2.56, 4.90666]},
								"south": {"uv": [26.88, 7.89333], "uv_size": [2.77333, 4.69333]},
								"west": {"uv": [27.09333, 7.94667], "uv_size": [2.13333, 4.85333]},
								"up": {"uv": [29.09333, 7.04], "uv_size": [-2.42667, 6.18667]},
								"down": {"uv": [29.46666, 11.94666], "uv_size": [-3.44, -3.41333]}
							}
						},
						{
							"origin": [-8, 0.25, -4.5],
							"size": [1.5, 1.5, 1.5],
							"uv": {
								"north": {"uv": [26.88, 7.04], "uv_size": [3.96, 6.82667]},
								"east": {"uv": [26.66667, 7.04], "uv_size": [4.05333, 6.61333]},
								"south": {"uv": [26.66667, 7.04], "uv_size": [4.26666, 6.4]},
								"west": {"uv": [26.88, 7.09334], "uv_size": [3.62666, 6.56]},
								"up": {"uv": [28.88, 7.89334], "uv_size": [-0.93334, 4.48]},
								"down": {"uv": [30.74666, 12.8], "uv_size": [-4.93333, -5.12]}
							}
						},
						{
							"origin": [4.5, 0.25, 2.5],
							"size": [1, 3, 1],
							"uv": {
								"north": {"uv": [11.94666, 5.76], "uv_size": [3.53334, 7.25334]},
								"east": {"uv": [11.73333, 5.76], "uv_size": [3.62667, 7.04]},
								"south": {"uv": [11.73333, 5.76], "uv_size": [3.84, 6.82667]},
								"west": {"uv": [11.94666, 5.81334], "uv_size": [3.2, 6.98667]},
								"up": {"uv": [13.94666, 7.04], "uv_size": [-1.36, 4.05333]},
								"down": {"uv": [15.38666, 11.94666], "uv_size": [-4.50667, -5.54667]}
							}
						},
						{
							"origin": [-7.5, 0.25, 2.5],
							"size": [1, 3, 1],
							"uv": {
								"north": {"uv": [11.52, 6.18666], "uv_size": [3.74667, 6.18667]},
								"east": {"uv": [11.30667, 6.18666], "uv_size": [3.84, 5.97333]},
								"south": {"uv": [11.30667, 6.18666], "uv_size": [4.05333, 5.76]},
								"west": {"uv": [11.52, 6.24], "uv_size": [3.41333, 5.92]},
								"up": {"uv": [13.52, 6.4], "uv_size": [-1.14667, 5.12]},
								"down": {"uv": [15.17333, 11.30666],