{
	"format_version": "1.12.0",
	"minecraft:geometry": [
		{
			"description": {
				"identifier": "geometry.oven",
				"texture_width": 32,
				"texture_height": 32,
				"visible_bounds_width": 3,
				"visible_bounds_height": 3,
				"visible_bounds_offset": [0, 0.5, 0]
			},
			"bones": [
				{
					"name": "bb_main",
					"pivot": [0, 0, 0],
					"rotation": [0, 90, 0],
					"cubes": [
						{
							"origin": [-8.75, 1.5, -8],
							"size": [15, 12, 16],
							"uv": {
								"north": {"uv": [0.64, 1.49333], "uv_size": [9.72, 13.44]},
								"east": {"uv": [0.42667, 1.49333], "uv_size": [9.81333, 13.22667]},
								"south": {"uv": [0, 1.49333], "uv_size": [9.38667, 13.22667]},
								"west": {"uv": [0.64, 1.54667], "uv_size": [9.38667, 13.17333]},
								"up": {"uv": [2, 2], "uv_size": [-2, -2]},
								"down": {"uv": [10.32, 13.44], "uv_size": [-8.61333, -11.52]}
							}
						},
						{
							"origin": [-8.25, 0, -7.5],
							"size": [14.25, 2, 15],
							"uv": {
								"north": {"uv": [13.01333, 1.49333], "uv_size": [6.30667, 13.22667]},
								"east": {"uv": [12.8, 1.49333], "uv_size": [6.4, 13.01333]},
								"south": {"uv": [12.8, 1.49333], "uv_size": [6.61333, 12.8]},
								"west": {"uv": [13.01333, 1.54667], "uv_size": [5.97333, 12.96]},
								"up": {"uv": [15.01333, 8.74667], "uv_size": [1.41333, -1.92]},
								"down": {"uv": [19.22666, 13.65333], "uv_size": [-7.28, -11.52]}
							}
						},
						{
							"origin": [5.75, 2, -6.5],
							"size": [1, 10.75, 13],
							"uv": {
								"north": {"uv": [24.96, 18.56], "uv_size": [-0.13333, 13.28667]},
								"east": {"uv": [28.58667, 18.5], "uv_size": [2, 13.5]},
								"south": {"uv": [24.96, 18.07333], "uv_size": [-0.34667, 13.07333]},
								"west": {"uv": [24.74667, 18.34667], "uv_size": [6.82667, 13.22667]},
								"up": {"uv": [31.22667, 18.42667], "uv_size": [-6.48, -0.50667]},
								"down": {"uv": [24.61333, 29.94667], "uv_size": [0.13333, -7.12]}
							}
						},
						{
							"origin": [5.75, 10.5, -5.75],
							"size": [1.5, 1.25, 11.5],
							"uv": {
								"north": {"uv": [12.8, 1.92], "uv_size": [6.90667, 5.82]},
								"east": {"uv": [12.37333, 1.70666], "uv_size": [7.33333, 5.18]},
								"south": {"uv": [13.01334, 1.92], "uv_size": [5.2, 4.11334]},
								"west": {"uv": [12.8, 1.08], "uv_size": [6.97333, 6.81333]},
								"up": {"uv": [19.49333, 7.33333], "uv_size": [-6.48, -5.84]},
								"down": {"uv": [19.70667, 7.12], "uv_size": [-6.69334, -5.41334]}
							}
						},
						{
							"origin": [-8, 15.75, -5.75],
							"size": [1.5, 1.25, 1.75],
							"uv": {
								"north": {"uv": [25.6, 24.32], "uv_size": [5.62667, 2.40667]},
								"east": {"uv": [25.6, 24.10666], "uv_size": [5.41333, 1.76667]},
								"south": {"uv": [25.38667, 23.89333], "uv_size": [5.2, 1.76667]},
								"west": {"uv": [25.09333, 18.77333], "uv_size": [6.26667, 12.51334]},
								"up": {"uv": [30.8, 25.89333], "uv_size": [-5.2, -1.78667]},
								"down": {"uv": [30.58667, 26.96], "uv_size": [-4.98667, -3.06667]}
							}
						},
						{
							"origin": [-8, 15.75, 4],
							"size": [1.5, 1.25, 1.75],
							"uv": {
								"north": {"uv": [25.6, 24.32], "uv_size": [5.62667, 2.40667]},
								"east": {"uv": [25.6, 24.10666], "uv_size": [5.41333, 1.76667]},
								"south": {"uv": [25.38667, 23.89333], "uv_size": [5.2, 1.76667]},
								"west": {"uv": [25.09333, 18.77333], "uv_size": [6.26667, 12.51334]},
								"up": {"uv": [30.8, 25.89333], "uv_size": [-5.2, -1.78667]},
								"down": {"uv": [30.58667, 26.96], "uv_size": [-4.98667, -3.06667]}
							}
						},
						{
							"origin": [-8, 15.75, -3],
							"size": [1.5, 1.25, 6.25],
							"uv": {
								"north": {"uv": [25.38667, 6.82667], "uv_size": [5.76, 6.03334]},
								"east": {"uv": [25.38667, 6.61333], "uv_size": [5.62666, 5.39334]},
								"south": {"uv": [25.17334, 6.4], "uv_size": [5.41333, 5.39334]},
								"west": {"uv": [25.73333, 5.97333], "uv_size": [3.70667, 8.03334]},
								"up": {"uv": [30.8, 12.02667], "uv_size": [-5.41333, -5.41334]},
								"down": {"uv": [30.58667, 13.09334], "uv_size": [-5.2, -6.69334]}
							}
						},
						{
							"origin": [-9, 2.5, -5.75],
							"size": [1.5, 10.25, 11.5],
							"uv": {
								"north": {"uv": [4.48, 18.77334], "uv_size": [6.69334, 0.06]},
								"east": {"uv": [0, 18.34667], "uv_size": [11.57333, 13.65333]},
								"south": {"uv": [1.70667, 18.56], "uv_size": [7.97333, 0.27334]},
								"west": {"uv": [25.38667, 5.97333], "uv_size": [5.62667, 1.84667]},
								"up": {"uv": [0.50666, 29.52], "uv_size": [0.56, -10.96]},
								"down": {"uv": [30.58667, 8.82667], "uv_size": [-4.98667, -3.06667]}
							}
						},
						{
							"origin": [5.75, 11.25, -7],
							"size": [1.5, 1.25, 0.75],
							"uv": {
								"north": {"uv": [26.02667, 18.34667], "uv_size": [4.77333, 12.86]},
								"east": {"uv": [25.6, 18.98667], "uv_size": [4.77333, 12.00667]},
								"south": {"uv": [25.17333, 18.77333], "uv_size": [5.41333, 12.43333]},
								"west": {"uv": [25.6, 18.77333], "uv_size": [5.33333, 12.16]},
								"up": {"uv": [31.36, 30.8], "uv_size": [-5.76, -12.24]},
								"down": {"uv": [30.58667, 30.8], "uv_size": [-5.2, -12.02667]}
							}
						},
						{
							"origin": [5.75, 2.5, -7],
							"size": [1.5, 1.25, 0.75],
							"uv": {
								"north": {"uv": [26.02667, 18.34667], "uv_size": [4.77333, 12.86]},
								"east": {"uv": [25.6, 18.98667], "uv_size": [4.77333, 12.00667]},
								"south": {"uv": [25.17333, 18.77333], "uv_size": [5.41333, 12.43333]},
								"west": {"uv": [25.6, 18.77333], "uv_size": [5.33333, 12.16]},
								"up": {"uv": [31.36, 30.8], "uv_size": [-5.76, -12.24]},
								"down": {"uv": [30.58667, 30.8], "uv_size": [-5.2, -12.02667]}
							}
						},
						{
							"origin": [-8.75, 13.5, -8],
							"size": [16.25, 1.25, 16],
							"uv": {
								"north": {"uv": [16.42667, 20.33333], "uv_size": [-2.81334, 6.33333]},
								"east": {"uv": [13.22667, 20.90667], "uv_size": [3.84, 5.84]},
								"south": {"uv": [13.01333, 22.4], "uv_size": [2.98667, 4.9]},
								"west": {"uv": [13.38667, 20.69333], "uv_size": [3.04, 6.9]},
								"up": {"uv": [18.42667, 31.78667], "uv_size": [-6.69333, -13.01333]},
								"down": {"uv": [17.36, 19.70667], "uv_size": [-5.41333, -0.72]}
							}
						},
						{
							"origin": [-8.75, 14.75, -8],
							"size": [1.75, 2.75, 16],
							"uv": {
								"north": {"uv": [17.41333, 19.84], "uv_size": [-5.18667, 11.16]},
								"east": {"uv": [13.44, 19.41333], "uv_size": [4.05333, 12.22]},
								"south": {"uv": [15.58667, 21.46], "uv_size": [-3, 6.54]},
								"west": {"uv": [12.16, 18.77333], "uv_size": [6.29333, 13.22667]},
								"up": {"uv": [18.24, 32], "uv_size": [-6.50667, -8.2]},
								"down": {"uv": [2, 2], "uv_size": [-2, -2]}
							}
						},
						{
							"origin": [-6.25, 14.75, -6.25],
							"size": [13, 0.5, 12.75],
							"uv": {
								"north": {"uv": [0, 21.97333], "uv_size": [0.72, 8.80667]},
								"east": {"uv": [0.21333, 20.05333], "uv_size": [0.08, 10.94]},
								"south": {"uv": [0, 18.56], "uv_size": [0.50667, 13.07333]},
								"west": {"uv": [0, 19.27333], "uv_size": [0.50667, 12.72667]},
								"up": {"uv": [11.38667, 31.78667], "uv_size": [-11.38667, -13.01333]},
								"down": {"uv": [2, 2], "uv_size": [-2, -2]}
							}
						},
						{
							"origin": [-4.25, 15, -5],
							"size": [3.5, 0.5, 3.75],
							"uv": {
								"north": {"uv": [28.37333, 21.33333], "uv_size": [0.72, 8.80667]},
								"east": {"uv": [28.58666, 19.41333], "uv_size": [0.08, 10.94]},
								"south": {"uv": [28.37333, 17.92], "uv_size": [0.50667, 13.07333]},
								"west": {"uv": [28.58667, 19.48666], "uv_size": [-1.84, 12.51334]},
								"up": {"uv": [31.44, 31.57333], "uv_size": [-6.48, -13.65333]},
								"down": {"uv": [28.02667, 26.74667], "uv_size": [-2, -2]}
							}
						},
						{
							"origin": [1.5, 15, -5],